DELETE FROM `distance` WHERE `restroom` >= 1;
DELETE FROM `restroom` WHERE `id` >= 1;
DELETE FROM `place` WHERE `id` >= 1;


INSERT INTO `place` (`id`, `name`, `typeit`,`type`) VALUES
(1, '1','Aula', 'Classroom' ),
(2, '2','Aula', 'Classroom' ),
(3, '3','Aula', 'Classroom' ),
(4, '4','Aula', 'Classroom' ),
(5, '5','Aula', 'Classroom' ),
(6, '6','Aula', 'Classroom' ),
(7, '8','Aula', 'Classroom' ),
(8, '10','Aula', 'Classroom' ),
(9, '10A','Aula', 'Classroom' ),
(11, '11','Aula', 'Classroom' ),
(10, '12','Aula', 'Classroom' ),
(12, '12A','Aula', 'Classroom' ),
(13, '13','Aula', 'Classroom' ),
(14, '13A','Aula', 'Classroom' ),
(15, '14','Aula', 'Classroom' ),
(16, '15','Aula', 'Classroom' ),
(17, '16','Aula', 'Classroom' ),
(18, '17','Aula', 'Classroom' ),
(19, '19','Aula', 'Classroom' ),
(20, 'A1','Aula', 'Classroom' ),
(21, '21A','Aula', 'Classroom' ),
(22, 'Ladispe','Laboratorio informatico', 'Computer lab' ),
(23, 'Katia','Bar', 'Bar' ),
(24, 'Ambrogio','Bar', 'Bar' ),
(25, 'Clut','Libreria', 'Bookshop' ),
(26, 'Celid','Libreria', 'Bookshop' ),
(27, 'Centrale','Biblioteca', 'Library' ),
(28, 'Restroom near classroom 12','Bagno', 'Restroom' ),
(29, 'Restroom near classroom 12','Bagno', 'Restroom' ),
(30, 'Restroom near CLA','Bagno', 'Restroom' ),
(31, 'Restroom near CLA','Bagno', 'Restroom' ),
(32, 'Restroom near Aula Magna','Bagno', 'Restroom' ),
(33, 'Restroom near Aula Magna','Bagno', 'Restroom' ),
(34, 'Restroom near Bar Katia','Bagno', 'Restroom' ),
(35, 'Restroom near Bar Katia','Bagno', 'Restroom' ),
(36, 'Restroom near Bar Ambrogio','Bagno', 'Restroom' ),
(37, 'Restroom near Bar Ambrogio','Bagno', 'Restroom' ),
(38, 'Restroom near Celid','Bagno', 'Restroom' ),
(39, 'Restroom near Celid','Bagno', 'Restroom' );

INSERT INTO `restroom` (`id`, `wc_count`,`gender`,`lat`,`long`) VALUES
(28,2,'M',45.06444,7.66220),
(29,2,'F',45.06444,7.66220),
(30,5,'M',45.06410,7.66208),
(31,4,'F',45.06410,7.66208),
(32,2,'M',45.06224,7.66097),
(33,2,'F',45.06224,7.66097),
(34,4,'M',45.06208,7.66076),
(35,3,'F',45.06208,7.66076),
(36,2,'M',45.06239,7.66203),
(37,1,'F',45.06239,7.66203),
(38,5,'M',45.06296,7.66236),
(39,2,'F',45.06296,7.66236);

INSERT INTO `distance` (`restroom`, `place`, `priority`) VALUES
(28,1,6),
(29,1,6),
(30,1,5),
(31,1,5),
(32,1,2),
(33,1,2),
(34,1,4),
(35,1,4),
(36,1,1),
(37,1,1),
(38,1,3),
(39,1,3),
(28,24,6),
(29,24,6),
(30,24,5),
(31,24,5),
(32,24,2),
(33,24,2),
(34,24,4),
(35,24,4),
(36,24,1),
(37,24,1),
(38,24,3),
(39,24,3),
(28,2,6),
(29,2,6),
(30,2,5),
(31,2,5),
(32,2,2),
(33,2,2),
(34,2,4),
(35,2,4),
(36,2,3),
(37,2,3),
(38,2,1),
(39,2,1),
(28,4,6),
(29,4,6),
(30,4,5),
(31,4,5),
(32,4,2),
(33,4,2),
(34,4,4),
(35,4,4),
(36,4,3),
(37,4,3),
(38,4,1),
(39,4,1),
(28,6,6),
(29,6,6),
(30,6,5),
(31,6,5),
(32,6,2),
(33,6,2),
(34,6,4),
(35,6,4),
(36,6,3),
(37,6,3),
(38,6,1),
(39,6,1),
(28,11,6),
(29,11,6),
(30,11,5),
(31,11,5),
(32,11,2),
(33,11,2),
(34,11,1),
(35,11,1),
(36,11,3),
(37,11,3),
(38,11,4),
(39,11,4),
(28,13,6),
(29,13,6),
(30,13,5),
(31,13,5),
(32,13,2),
(33,13,2),
(34,13,1),
(35,13,1),
(36,13,3),
(37,13,3),
(38,13,4),
(39,13,4),
(28,16,6),
(29,16,6),
(30,16,5),
(31,16,5),
(32,16,2),
(33,16,2),
(34,16,1),
(35,16,1),
(36,16,3),
(37,16,3),
(38,16,4),
(39,16,4),
(28,18,6),
(29,18,6),
(30,18,5),
(31,18,5),
(32,18,2),
(33,18,2),
(34,18,1),
(35,18,1),
(36,18,3),
(37,18,3),
(38,18,4),
(39,18,4),
(28,19,6),
(29,19,6),
(30,19,5),
(31,19,5),
(32,19,2),
(33,19,2),
(34,19,1),
(35,19,1),
(36,19,3),
(37,19,3),
(38,19,4),
(39,19,4),
(28,23,6),
(29,23,6),
(30,23,5),
(31,23,5),
(32,23,2),
(33,23,2),
(34,23,1),
(35,23,1),
(36,23,3),
(37,23,3),
(38,23,4),
(39,23,4),
(28,3,6),
(29,3,6),
(30,3,5),
(31,3,5),
(32,3,1),
(33,3,1),
(34,3,3),
(35,3,3),
(36,3,2),
(37,3,2),
(38,3,4),
(39,3,4),
(28,5,6),
(29,5,6),
(30,5,5),
(31,5,5),
(32,5,1),
(33,5,1),
(34,5,2),
(35,5,2),
(36,5,3),
(37,5,3),
(38,5,4),
(39,5,4),
(28,21,6),
(29,21,6),
(30,21,5),
(31,21,5),
(32,21,1),
(33,21,1),
(34,21,2),
(35,21,2),
(36,21,3),
(37,21,3),
(38,21,4),
(39,21,4),
(28,14,6),
(29,14,6),
(30,14,5),
(31,14,5),
(32,14,1),
(33,14,1),
(34,14,2),
(35,14,2),
(36,14,3),
(37,14,3),
(38,14,4),
(39,14,4),
(28,26,6),
(29,26,6),
(30,26,5),
(31,26,5),
(32,26,3),
(33,26,3),
(34,26,4),
(35,26,4),
(36,26,2),
(37,26,2),
(38,26,1),
(39,26,1),
(28,27,6),
(29,27,6),
(30,27,5),
(31,27,5),
(32,27,3),
(33,27,3),
(34,27,4),
(35,27,4),
(36,27,2),
(37,27,2),
(38,27,1),
(39,27,1),
(28,12,6),
(29,12,6),
(30,12,5),
(31,12,5),
(32,12,3),
(33,12,3),
(34,12,4),
(35,12,4),
(36,12,2),
(37,12,2),
(38,12,1),
(39,12,1),
(28,25,6),
(29,25,6),
(30,25,5),
(31,25,5),
(32,25,3),
(33,25,3),
(34,25,4),
(35,25,4),
(36,25,2),
(37,25,2),
(38,25,1),
(39,25,1),
(28,9,6),
(29,9,6),
(30,9,5),
(31,9,5),
(32,9,3),
(33,9,3),
(34,9,4),
(35,9,4),
(36,9,2),
(37,9,2),
(38,9,1),
(39,9,1),
(28,7,3),
(29,7,3),
(30,7,1),
(31,7,1),
(32,7,2),
(33,7,2),
(34,7,5),
(35,7,5),
(36,7,6),
(37,7,6),
(38,7,4),
(39,7,4),
(28,8,2),
(29,8,2),
(30,8,1),
(31,8,1),
(32,8,3),
(33,8,3),
(34,8,5),
(35,8,5),
(36,8,6),
(37,8,6),
(38,8,4),
(39,8,4),
(28,10,1),
(29,10,1),
(30,10,2),
(31,10,2),
(32,10,3),
(33,10,3),
(34,10,5),
(35,10,5),
(36,10,6),
(37,10,6),
(38,10,4),
(39,10,4),
(28,17,1),
(29,17,1),
(30,17,2),
(31,17,2),
(32,17,3),
(33,17,3),
(34,17,5),
(35,17,5),
(36,17,6),
(37,17,6),
(38,17,4),
(39,17,4),
(28,15,1),
(29,15,1),
(30,15,2),
(31,15,2),
(32,15,3),
(33,15,3),
(34,15,5),
(35,15,5),
(36,15,6),
(37,15,6),
(38,15,4),
(39,15,4),
(28,22,1),
(29,22,1),
(30,22,2),
(31,22,2),
(32,22,3),
(33,22,3),
(34,22,5),
(35,22,5),
(36,22,6),
(37,22,6),
(38,22,4),
(39,22,4),
(28,20,1),
(29,20,1),
(30,20,2),
(31,20,2),
(32,20,3),
(33,20,3),
(34,20,5),
(35,20,5),
(36,20,6),
(37,20,6),
(38,20,4),
(39,20,4),
(29,28,1),
(30,28,2),
(31,28,2),
(32,28,3),
(33,28,3),
(34,28,5),
(35,28,5),
(36,28,6),
(37,28,6),
(38,28,4),
(39,28,4),
(28,29,1),
(30,29,2),
(31,29,2),
(32,29,3),
(33,29,3),
(34,29,5),
(35,29,5),
(36,29,6),
(37,29,6),
(38,29,4),
(39,29,4),
(28,30,6),
(29,30,6),
(31,30,5),
(32,30,3),
(33,30,3),
(34,30,4),
(35,30,4),
(36,30,2),
(37,30,2),
(38,30,1),
(39,30,1),
(28,31,6),
(29,31,6),
(30,31,5),
(32,31,3),
(33,31,3),
(34,31,4),
(35,31,4),
(36,31,2),
(37,31,2),
(38,31,1),
(39,31,1),
(28,32,6),
(29,32,6),
(30,32,5),
(31,32,5),
(33,32,1),
(34,32,2),
(35,32,2),
(36,32,3),
(37,32,3),
(38,32,4),
(39,32,4),
(28,33,6),
(29,33,6),
(30,33,5),
(31,33,5),
(32,33,1),
(34,33,2),
(35,33,2),
(36,33,3),
(37,33,3),
(38,33,4),
(39,33,4),
(28,34,6),
(29,34,6),
(30,34,5),
(31,34,5),
(32,34,2),
(33,34,2),
(35,34,1),
(36,34,3),
(37,34,3),
(38,34,4),
(39,34,4),
(28,35,6),
(29,35,6),
(30,35,5),
(31,35,5),
(32,35,2),
(33,35,2),
(34,35,1),
(36,35,3),
(37,35,3),
(38,35,4),
(39,35,4),
(28,36,6),
(29,36,6),
(30,36,5),
(31,36,5),
(32,36,2),
(33,36,2),
(34,36,4),
(35,36,4),
(37,36,1),
(38,36,3),
(39,36,3),
(28,37,6),
(29,37,6),
(30,37,5),
(31,37,5),
(32,37,2),
(33,37,2),
(34,37,4),
(35,37,4),
(36,37,1),
(38,37,3),
(39,37,3),
(28,38,6),
(29,38,6),
(30,38,5),
(31,38,5),
(32,38,3),
(33,38,3),
(34,38,4),
(35,38,4),
(36,38,2),
(37,38,2),
(39,38,1),
(28,39,6),
(29,39,6),
(30,39,5),
(31,39,5),
(32,39,3),
(33,39,3),
(34,39,4),
(35,39,4),
(36,39,2),
(37,39,2),
(38,39,1);
